{"cameraMode":{"drawMode":0,"name":"Shaded","section":"Shading Mode"},"sceneLighting":true,"audioPlay":false,"sceneViewState":{"showFog":true,"showMaterialUpdate":false,"showSkybox":true,"showFlares":true,"showImageEffects":true,"showParticleSystems":true,"showVisualEffectGraphs":true,"m_FxEnabled":true},"in2DMode":false,"pivot":{"x":461.0209045410156,"y":23.009323120117189,"z":28.676193237304689},"rotation":{"x":-0.011399650946259499,"y":-0.9663650989532471,"z":0.25373440980911257,"w":-0.04400569200515747},"size":35.54253387451172,"orthographic":false}