{"cameraMode":{"drawMode":0,"name":"Shaded","section":"Shading Mode"},"sceneLighting":false,"audioPlay":false,"sceneViewState":{"showFog":true,"showMaterialUpdate":false,"showSkybox":false,"showFlares":true,"showImageEffects":true,"showParticleSystems":true,"showVisualEffectGraphs":true,"m_FxEnabled":true},"in2DMode":false,"pivot":{"x":0.9244461059570313,"y":0.24511665105819703,"z":-1.4549493789672852},"rotation":{"x":-0.04394140839576721,"y":-0.9496762752532959,"z":0.1555100828409195,"w":-0.26835504174232485},"size":1.4431390762329102,"orthographic":false}