{"cameraMode":{"drawMode":0,"name":"Shaded","section":"Shading Mode"},"sceneLighting":true,"audioPlay":false,"sceneViewState":{"showFog":true,"showMaterialUpdate":false,"showSkybox":true,"showFlares":true,"showImageEffects":true,"showParticleSystems":true,"showVisualEffectGraphs":true,"m_FxEnabled":true},"in2DMode":false,"pivot":{"x":478.5679016113281,"y":12.259625434875489,"z":-4.285832405090332},"rotation":{"x":0.011200779117643834,"y":0.7461796998977661,"z":-0.012534202076494694,"w":0.6655535101890564},"size":13.613344192504883,"orthographic":false}