{"cameraMode":{"drawMode":0,"name":"Shaded","section":"Shading Mode"},"sceneLighting":false,"audioPlay":false,"sceneViewState":{"showFog":true,"showMaterialUpdate":false,"showSkybox":false,"showFlares":true,"showImageEffects":true,"showParticleSystems":true,"showVisualEffectGraphs":true,"m_FxEnabled":true},"in2DMode":false,"pivot":{"x":-0.2666656970977783,"y":1.1100001335144044,"z":1.9897334575653077},"rotation":{"x":-0.023697903379797937,"y":-0.9756470918655396,"z":0.17176419496536256,"w":-0.13470666110515595},"size":5.576018333435059,"orthographic":false}