{"cameraMode":{"drawMode":0,"name":"Shaded","section":"Shading Mode"},"sceneLighting":false,"audioPlay":false,"sceneViewState":{"showFog":true,"showMaterialUpdate":false,"showSkybox":false,"showFlares":true,"showImageEffects":true,"showParticleSystems":true,"showVisualEffectGraphs":true,"m_FxEnabled":true},"in2DMode":false,"pivot":{"x":472.00054931640627,"y":13.69568920135498,"z":12.305173873901368},"rotation":{"x":0.013693197630345822,"y":0.9791222810745239,"z":-0.19060373306274415,"w":0.07039208710193634},"size":14.104548454284668,"orthographic":false}