{"cameraMode":{"drawMode":0,"name":"Shaded","section":"Shading Mode"},"sceneLighting":false,"audioPlay":false,"sceneViewState":{"showFog":true,"showMaterialUpdate":false,"showSkybox":false,"showFlares":true,"showImageEffects":true,"showParticleSystems":true,"showVisualEffectGraphs":true,"m_FxEnabled":true},"in2DMode":false,"pivot":{"x":-0.03423738479614258,"y":1.3018401861190797,"z":1.048867106437683},"rotation":{"x":-0.0002298824256286025,"y":-0.7018061876296997,"z":0.00020679870794992894,"w":-0.7124036550521851},"size":8.623632431030274,"orthographic":false}