{"cameraMode":{"drawMode":0,"name":"Shaded","section":"Shading Mode"},"sceneLighting":false,"audioPlay":false,"sceneViewState":{"showFog":true,"showMaterialUpdate":false,"showSkybox":false,"showFlares":true,"showImageEffects":true,"showParticleSystems":true,"showVisualEffectGraphs":true,"m_FxEnabled":true},"in2DMode":false,"pivot":{"x":1.6399999856948853,"y":1.8016812801361085,"z":0.03289979696273804},"rotation":{"x":0.2541287839412689,"y":0.41246193647384646,"z":-0.12098023295402527,"w":0.866409420967102},"size":1.5530766248703004,"orthographic":false}